"url","name","bpm","cats","aliases","source"
"2_PHUT_HON","2 PHUT HON FUNK","130","electronic|best","phonk|salesman","history"
"505","505","140","rock|sad","arctic monkeys|artic monkeys","history"
"7_WEEKS_3_DAYS","7 WEEKS & 3 DAYS","130","creepy/weirdcore","","history"
"99DOT9","99.9","180","anime/jpop|movies/tv","mob psycho 100","history"
"A_CRUEL_ANGELS_THESIS","A CRUEL ANGEL'S THESIS","76","movies/tv|anime/jpop|best","neon genesis evangelion|neo genesis|a cruel angels","history"
"A_CYBERS_WORLD","A CYBER'S WORLD?","117","deltarune|video games|best","toby fox","history"
"A_HOME_FOR_FLOWERS","A HOME FOR FLOWERS","54","omori|video games","","history"
"A_SKY_FULL","A SKY FULL OF STARS","120","epic|pop/hiphop|electronic","coldplay","history"
"A_TALE_OF_SIX","A TALE OF SIX TRILLION YEARS AND A NIGHT","165","electronic|anime/jpop|movies/tv|new","Rokuchonen to Ichiya Monogatari|a tale of six trillion years and a night","history"
"A_THOUSAND","A THOUSAND MILES","100","pop/hiphop","popular","history"
"A7_YEARS","7 YEARS","60","pop/hiphop|sad|best","lukas graham","history"
"A90210","90210","70","pop/hiphop","travis scott","history"
"AFRICA","AFRICA","90","electronic|memes","toto","history"
"AFTER_DARK","AFTER DARK","140","sad|beautiful","mr kitty","history"
"AI_SCREAM","AI♡SCREAM!","135","anime/jpop|new","aiscream|ai scream","history"
"ALL_GIRLS","ALL GIRLS ARE THE SAME","85","pop/hiphop|sad|best","juice wrld","history"
"ALL_I_WANT_FOR_CHRISTMAS_IS_YOU","ALL I WANT FOR CHRISTMAS IS YOU","70","pop/hiphop","mariah carey","history"
"ALL_I_WANT_IS_YOU","ALL I WANT IS YOU","143","pop/hiphop|sad|best|electronic","rebzyyx","history"
"ALL_MY_FELLAS","ALL MY FELLAS","160","memes","","history"
"ALL_STAR","ALL STAR","100","movies/tv|memes|new","shrek|smash mouth","history"
"ALL_THE_STARS","ALL THE STARS","120","pop/hiphop|beautiful|best|movies/tv","kendrick lamar|sza|black panther","history"
"ALONE","ALONE","142","electronic","marshmello","history"
"ALORS_ON_DANSE","ALORS ON DANSE","120","","","default"
"ALTALE","ALTALE","90","electronic","","history"
"AMOUR_PLASTIQUE","AMOUR PLASTIQUE","120","sad|memes|new","napolean|theres nothing we can do|videoclub","history"
"ANIMATION_WARRIOR_THEME","ANIMATION WARRIOR THEME","120","","","default"
"ANNIHILATE","ANNIHILATE","146","pop/hiphop|movies/tv","spider man|spiderman|spider-man|metro boomin","history"
"ANOTHER_LOVE","ANOTHER LOVE","123","sad|best|epic|beautiful|pop/hiphop","sad, love","history"
"ANYONE_CAN","ANYONE CAN BE FIND LOVE (except you.)","100","sad","breakcore","history"
"AQUATIC_AMBIENCE","AQUATIC AMBIENCE","120","","","default"
"ARIA_MATH","ARIA MATH","84","video games|minecraft|beautiful","c418","history"
"AROUND_THE_WORLD","AROUND THE WORLD","121","electronic|pop/hiphop|new","atc|la la la","history"
"ARUARIAN","ARUARIAN DANCE","80","beautiful","nujabes","history"
"AS_IT_WAS","AS IT WAS","174","pop/hiphop|best","harry styles","history"
"ASCENSION","ASCENSION","120","","","default"
"ASGORE","ASGORE","115","video games|undertale","toby fox","history"
"ASSUMPTIONS","ASSUMPTIONS","126","pop/hiphop|memes|electronic","","history"
"ASTRONAMIA","ASTRONAMIA (COFFIN DANCE)","120","memes|electronic","","history"
"ATTACK_OF_THE_KILLER_QUEEN","ATTACK OF THE KILLER QUEEN","144","video games|deltarune|best","toby fox|mrbeast|phonk","history"
"AUGUST_10","AUGUST 10","120","","","default"
"AUTUMN","THE 4 SEASONS - AUTUMN","80","classical","the 4 seasons|vivaldi|the four seasons","history"
"AVENGERS","AVENGERS (EPIC COVER)","120","epic|best|movies/tv","movie|hard","history"
"BABY","BABY","120","","","default"
"BABYDOLL","BABYDOLL","120","","","default"
"BACK_ON_TRACK","BACK ON TRACK","120","","","default"
"BAD_APPLE","BAD APPLE!!","138","anime/jpop","","history"
"BAD_HABIT","BAD HABIT","80","pop/hiphop|sad","steve lacy","history"
"BAD_PIGGIES","BAD PIGGIES","156","video games","angry birds","history"
"BARBIE_GIRL","BARBIE GIRL","136","movies/tv|memes","","history"
"BASE_AFTER_BASE","BASE AFTER BASE","120","","","default"
"BATTLE_AGAINST","BATTLE AGAINST A TRUE HERO","150","video games|undertale","","history"
"BEANIE","BEANIE","135","sad","beanie chezile","history"
"BEAUTIFUL_IN_WHITE","BEAUTIFUL IN WHITE","120","","","default"
"BEAUTIFUL_THINGS","BEAUTIFUL THINGS","70","rock|pop/hiphop","benson boone","history"
"BEETHOVEN_VIRUS","BEETHOVEN VIRUS","162","classical|electronic|best|peak","ludwig van beethoven","history"
"BEGINNING","BEGINNING","120","","","default"
"BEGINNING_2","BEGINNING 2","120","","","default"
"BELIEVER","BELIEVER","188","rock|pop/hiphop|epic","imagine dragons","history"
"BELLA_CIAO","BELLA CIAO","136","movies/tv|best","","history"
"BETTER_OFF_ALONE","BETTER OFF ALONE","130","electronic|pop/hiphop","a deejay|deejay","history"
"BIG_FISH","BIG FISH (大鱼)","71","beautiful","","history"
"BIG_SHOT","BIG SHOT","280","deltarune|video games","toby fox","history"
"BINKS_RUM","BINKS RUM","120","","","default"
"BIRDLAND","BIRDLAND","155","new","jazz","history"
"BIRDS_OF_A","BIRDS OF A FEATHER","105","pop/hiphop|beautiful","billie eilish","history"
"BLACK_CATCHER","BLACK CATCHER","88","anime/jpop|movies/tv","black clover","history"
"BLACK_KNIFE","BLACK KNIFE","148","deltarune|video games","toby fox","history"
"BLIND_SPOTS","BLIND SPOTS","120","","","default"
"BLIND_SPOTS_2","BLIND SPOTS 2","120","","","default"
"BLINDING_LIGHTS","BLINDING LIGHTS","171","pop/hiphop|best","the weeknd","history"
"BLOODY","BLOODY MARY","100","pop/hiphop|epic|best","lady gaga|wednesday","history"
"BLUE","BLUE (DA BA DEE)","130","pop/hiphop","im blue|im good","history"
"BLUE_YUNG","BLUE (YUNG KAI)","92","beautiful|best","","history"
"BLUEBIRD","BLUE BIRD","145","anime/jpop|movies/tv","naruto shippuden","history"
"BOHEMIAN_RHAPSODY","BOHEMIAN RHAPSODY","80","rock","queen","history"
"BOOM_BOOM_BOOM_BOOM","BOOM BOOM BOOM BOOM","120","pop/hiphop|memes","vengaboys","history"
"BREADY","BREADY, SET, GO!","160","video games|omori|best","","history"
"BUTCHER_VANITY","BUTCHER VANITY","142","video games","vane lily|forsaken|roblox","history"
"BY_YOUR_SIDE","BY YOUR SIDE","88","video games|omori","","history"
"CALL_ME_MAYBE","CALL ME MAYBE","120","","","default"
"CALL_OF_SILENCE","CALL OF SILENCE","120","","","default"
"CALL_OUT_MY_NAME","CALL OUT MY NAME","67","pop/hiphop|new","the weeknd","history"
"CAN_YOU_HEAR_EPIC","CAN YOU HEAR THE MUSIC (EPIC VER.)","102","epic|best|peak|movies/tv","hans zimmer|oppenheimer","history"
"CAN_YOU_HEAR_THE_FUCKING_MUSIC","CAN YOU HEAR THE MUSIC","80","epic|movies/tv","oppenheimer|popular","history"
"CANDYLAND","CANDYLAND","130","electronic|best|best","tobu|ncs|no copyright sounds","history"
"CANON_D","CANON IN D","100","classical","","history"
"CANT_HELP_FALLING_IN_LOVE","CAN'T HELP FALLING IN LOVE","120","","elvis presley|cant help falling in love","history"
"CANT_LET","CANT LET GO","160","video games|electronic","geometry dash|gd","history"
"CARAMELLDANSEN","CARAMELLDANSEN","120","","","default"
"CARELESS","CARELESS WHISPER","153","memes","","history"
"CAROL_OF_THE_BELLS","CAROL OF THE BELLS","50","classical|beautiful|best","christmas","history"
"CAROL_OF_THE_BELLS_EPIC","CAROL OF THE BELLS (EPIC VER.)","135","classical|epic|beautiful|best","christmas|peter buka","history"
"CENTIMETER","CENTIMETER","140","anime/jpop|movies/tv","rent a girlfriend|rent-a-girlfriend","history"
"CHA_LA_HEAD_CHA_LA","CHA-LA HEAD-CHA-LA","154","anime/jpop|movies/tv|best","dragon ball z","history"
"CHAMBER_OF_REFLECTION","CHAMBER OF REFLECTION","128","sad|beautiful|best","mac demarco","history"
"CHAMPAGNE_COAST","CHAMPAGNE COAST","120","","","default"
"CHAOS_KING","CHAOS KING","148","deltarune|video games","toby fox","history"
"CHARIOTS_OF_FIRE","CHARIOTS OF FIRE","120","","","default"
"CHIISANA_KOI_NO_UTA","CHIISANA KOI NO UTA","100","anime/jpop|movies/tv|best","","history"
"CHILDREN","CHILDREN","137","electronic|sad|best|new","robert miles","history"
"CHRISTMAS_KIDS","CHRISTMAS KIDS","152","sad","roar","history"
"CLAIR_DE_LUNE","CLAIR DE LUNE","48","classical|beautiful","debussy","history"
"CLOCKS","CLOCKS","132","rock","coldplay","history"
"CLOSE_EYES","CLOSE EYES","114","electronic","closed eyes|dvrst|phonk","history"
"CLOUD_9","CLOUD 9","128","electronic","tobu|ncs|no copyright sounds","history"
"CLUBSTEP","CLUBSTEP","128","video games|electronic","geometry dash|dj nate|gd","history"
"COCONUT","COCONUT MALL !!","132","video games","mario kart|nintendo","history"
"COMEDY","COMEDY","88","movies/tv|anime/jpop","","history"
"COMPTINE_DUN_AUTRE_ETE","COMPTINE D'UN AUTRE ÉTÉ","95","classical|beautiful","yann tiersen|amelie","history"
"CONCERTO_OP30_NO3","RACHMANINOFF - CONCERTO OP.30 NO.3","150","classical","rachmaninoff","history"
"CONGRATULATIONS","CONGRATULATIONS","60","beautiful|sad|new","mac miller","history"
"CORNFIELD_CHASE","CORNFIELD CHASE","120","","","default"
"COUNTING_STARS","COUNTING STARS","105","pop/hiphop|sad","one republic","history"
"CRAB_RAVE","CRAB RAVE","125","memes|electronic|epic","no copyright sounds|ncs|noisestorm","history"
"CRADLES","CRADLES","158","electronic","ncs|no copyright sounds|sub urban","history"
"CRAZY_FROG","CRAZY FROG","130","memes|electronic","axel f","history"
"CREEP","CREEP","100","rock|sad","radiohead","history"
"CREEPIN","CREEPIN'","98","pop/hiphop|best|new","metro boomin|the weeknd|21 savage","history"
"CROSSING_FIELD","CROSSING FIELD","179","anime/jpop|movies/tv","sword art online|sao","history"
"CRUCIFIED","CRUCIFIED","144","pop/hiphop","army of lovers","history"
"CRY_FOR_ME_MICHITA","CRY FOR ME (feat. 愛海)","92","beautiful|sad","","history"
"CUPID","CUPID","120","pop/hiphop","love","history"
"CUTE_DEPRESSED","CUTE DEPRESSED","130","memes|best","","fork"
"CYCLES","CYCLES","120","","","default"
"DAD_BATTLE","DAD BATTLE (FNF)","180","video games|new","friday night funkin|kawai sprite","history"
"DAIJOUBU","DAIJOUBU","120","","","default"
"DAISY_BELL","DAISY BELL","120","creepy/weirdcore","","history"
"DAMNED","DAMNED (COD ZOMBIES)","95","video games","cod zombies theme|call of duty|creepy","history"
"DANDELIONS","DANDELIONS","100","","","history"
"DARK_BEACH","DARK BEACH","130","sad|beautiful","pastel ghost","history"
"DARK_IS_THE_NIGHT","DARK IS THE NIGHT","120","sad","Nikita Bogoslovsky","history"
"DAWN_OF","DAWN OF THE DOORS","72","video games","doors|roblox|lsplash","history"
"DAYLIGHT","DAYLIGHT","130","beautiful|epic|best","david kushner","history"
"DEADLOCKED","DEADLOCKED","140","video games|electronic","geometry dash|gd","history"
"DEATH_BED","DEATH BED","120","pop/hiphop|sad|beautiful","powfu|beabadoobee","history"
"DEATH_WALTZ","DEATH WALTZ (WARNING)","210","all","","history"
"DECK_THE_HALLS","DECK THE HALLS","120","","","default"
"DEPARTURE","DEPARTURE!","150","movies/tv|anime/jpop","hunter x hunter","history"
"DESPACITO","DESPACITO","89","pop/hiphop|memes","","history"
"DETROIT","DETROIT: BECOME HUMAN - OPENING","60","video games|beautiful","","history"
"DEXTER_BLOOD_THEME","DEXTER - BLOOD THEME","82","movies/tv","","history"
"DIE_FOR_YOU","DIE FOR YOU","66","pop/hiphop|best|new","the weeknd","history"
"DIE_IRAE_III","DIES IRAE (REQUIEM MVT.3)","160","classical","mozart","history"
"DIE_WITH","DIE WITH A SMILE","76","pop/hiphop|sad|beautiful|best|peak","lady gaga|bruno mars","history"
"DIED_IN_YOUR_ARMS","DIED IN YOUR ARMS","120","","","default"
"DIES_IRAE","DIES IRAE (MESSA DA REQUIEM)","160","classical|best|peak|epic","giuseppe verdi","history"
"DIES_IRAE_III_2","DIES IRAE (REQUIEM MVT.3) (EPIC VER.)","160","classical|epic|best|peak","mozart|epic","history"
"DIRTMOUTH","DIRTMOUTH","87","video games|new","hollow knight","history"
"DOG_SONG","DOG SONG","230","video games|undertale","","history"
"DOKI_DOKI_LITERATURE_CLUB","DOKI DOKI LITERATURE CLUB","120","","","default"
"DONT_STOP","DONT STOP BELIEVIN'","118","rock|best","journey","history"
"DRAGOSTEA_DIN_TEI","DRAGOSTEA DIN TEI (NUMA NUMA)","130","pop/hiphop|electronic|memes","o-zone|o zone","history"
"DRAMAM","DRAMAMIME","224","beautiful","flawed mangoes","history"
"DREAM_FL","DREAM FLOWER","150","electronic","klydix","history"
"DREAM_LANTERN","DREAM LANTERN","120","","","default"
"DREAM_ON","DREAM ON","78","rock","aerosmith","history"
"DREITON_BEST_PART","DREITON BEST PART","120","","","default"
"DROWNING_LOVE","DROWNING LOVE","112","beautiful|sad|best|peak|movies/tv","chasing kou","history"
"DRY_HANDS","DRY HANDS","90","video games|minecraft|beautiful","c418","history"
"DRY_OUT","DRY OUT","120","","","default"
"DUMB_DUMB","DUMB DUMB","118","memes","everyone is dumb","history"
"DUVET","DUVET","91","sad|beautiful|best","boa","history"
"EASY_ON_ME","EASY ON ME","73","|pop/hiphop","adele","history"
"ELEVATOR_JAM","ELEVATOR JAM","146","video games","doors|roblox|lsplash","history"
"ELEVATOR_JAM_2","ELEVATOR JAM x HERE I COME","146","video games|epic|best","doors|roblox|lsplash","history"
"ENEMY","ENEMY","77","pop/hiphop","imagine dragons|arcane","history"
"ENGRAVINGS","ENGRAVINGS","120","","","default"
"ENIGMATIC","AN ENIGMATIC ENCOUNTER","50","video games|undertale|best|peak","undertale last breath|toby fox","history"
"ENTRY_OF_THE","ENTRY OF THE GLADIATORS","220","classical|memes","circus|clown","history"
"ERIKA","ERIKA","120","memes","nazi|hitler|german|ww2|world war 2","history"
"ETHEREAL","ETHEREAL","132","beautiful|best|peak","txmy","history"
"ETUDE_NO3_UN_SOSPIRO","LISZT - ETUDE NO.3 (UN SOSPIRO)","25","classical","franz liszt","history"
"EVERGREEN","EVERGREEN","120","beautiful|best","","history"
"EVERY_LIVING_BREATHING","EVERY LIVING BREATHING","120","","","default"
"EXPERIENCE","EXPERIENCE","92","epic|best|beautiful|peak","","history"
"EXPERIENCE_FLOWS","EXPERIENCE FLOWS IN YOU","85","beautiful|best","tony ann|river flows in you","history"
"f","f","120","","","default"
"F1","F1","110","movies/tv","hans zimmer","history"
"FADED","FADED","90","electronic|sad","ncs|alan walker|no copyright sounds","history"
"FALLEN_DOWN","FALLEN DOWN","110","video games|undertale|beautiful","","history"
"FANTAISIE","FANTAISIE IMPROMPTU","168","classical","frederic chopin","history"
"FAST","FAST","86","pop/hiphop|sad","juice wrld","history"
"FEEL_GOOD_INC","FEEL GOOD INC","100","pop/hiphop|rock|best|new","gorillaz","history"
"FIELD_OF_HOPES_AND_DREAMS","FIELD OF HOPES AND DREAMS","125","deltarune|video games","toby fox","history"
"FIELD_OF_MEMORIES","FIELD OF MEMORIES","130","video games|electronic|epic","waterflame|stick war","history"
"FINAL_DUET","FINAL DUET","84","video games|omori","omori","history"
"FINALE","FINALE","190","video games|undertale","toby fox|flowey","history"
"FIREWORKS","FIREWORKS","120","","","default"
"FIVE_NIGHTS_1","FIVE NIGHTS AT FREDDYS 1","108","video games|electronic|epic","fnaf|five nights at freddys|the living tombstone","history"
"FLARE","FLARE","150","electronic","hensonn|sahara|phonk","history"
"FLASHING","FLASHING LIGHTS","100","pop/hiphop|epic|beautiful","kanye west|graduation","history"
"FLIGHT","FLIGHT (MAN OF STEEL)","80","movies/tv|new","hans zimmer","history"
"FLIGHT_OF_THE_BUMBLEBEE","FLIGHT OF THE BUMBLEBEE","175","peak|best","","fork"
"FLOWER_DANCE","FLOWER DANCE","120","","","default"
"FLUXXWAVE","FLUXXWAVE","120","","","default"
"FLY_ME_TO_THE_MOON","FLY ME TO THE MOON","140","classical|beautiful","frank sinatra|love|squid game|jazz","history"
"FLY_MY_WINGS","FLY, MY WINGS","72","video games|new","limbus company|mili|fly my wings","history"
"FOR_THE_DAMAGED_CODA","FOR THE DAMAGED CODA","140","sad|memes|epic","evil morty|rick and morty|rick & morty","history"
"FOR_THE_DAMAGED_CODA_2","FOR THE DAMAGED CODA (EPIC VER.)","150","sad|memes|epic|best|peak","evil morty|rick and morty|rick & morty","history"
"FR","FROM THE START","82","beautiful","laufey|love|popular","history"
"FREAKS","FREAKS","175","sad|rock|beautiful","surf curse","history"
"FREEDOM_DIVE","FREEDOM DIVE","220","electronic","xi","history"
"FRIENDS","FRIENDS","95","pop/hiphop|electronic","marshmello|anne marie","history"
"FUKASHIGI","FUKASHIGI NO CARTE","90","anime/jpop|movies/tv","senpai","history"
"FUNK_ESTRANHO","FUNK ESTRANHO","111","electronic","ALXIKE|phonk","history"
"FUR_ELISE","FUR ELISE","72","classical","ludwig van beethoven|classical","history"
"GANGSTAS_PARADISE","GANGSTA'S PARADISE","80","pop/hiphop|memes|beautiful|best|epic|peak","coolio","history"
"GEOMETRICAL_DOMINATOR","GEOMETRICAL DOMINATOR","80","video games|electronic|new","geometry dash|gd|waterflame","history"
"GEOMETRY_DASH","GEOMETRY DASH THEME (DASH)","128","video games|electronic","geometry dash|gd","history"
"GIGACHAD_THEME","GIGACHAD THEME","120","","","default"
"GIMME_GIMME_GIMME","GIMME! GIMME! GIMME!","116","pop/hiphop","abba","history"
"GIORNO","GIORNO'S THEME","135","anime/jpop|memes|movies/tv","giornos theme|jojo|jojo's bizarre adventure","history"
"GIVE_UP","NEVER GONNA GIVE YOU UP","113","memes|pop/hiphop","rick astley|rickroll|rick roll","history"
"GLASSY_SKY","GLASSY SKY","68","anime/jpop|sad|movies/tv","tokyo ghoul","history"
"GODS_PLAN","GODS PLAN","130","pop/hiphop","drake","history"
"GOLDEN_BROW","GOLDEN BROWN","94","rock|new","the stranglers","history"
"GOLDEN_HOUR","GOLDEN HOUR","94","beautiful|best","jvke|love, sad|popular","history"
"GONE_ANGELS","GONE ANGELS","188","video games|new","limbus company|mili","history"
"GOOD_MORNING","GOOD MORNING (OMORI)","90","video games|omori","omori","history"
"GOOFY_AHH","GOOFY AHH NPC MUSIC","120","memes|epic|best|beautiful|peak","whistle","history"
"GRAVITY_FALLS","GRAVITY FALLS","120","memes|best|movies/tv","","history"
"GUREN_NO_YUMIYA","GUREN NO YUMIYA","176","movies/tv|anime/jpop|epic","animenz|attack on titan|aot","history"
"GURENGE","GURENGE","135","anime/jpop|movies/tv|best|epic|beautiful|peak","lisa|demon slayer","history"
"GYMNOPEDIE_NO1","GYMNOPÉDIE NO.1","54","classical","satie","history"
"GYMNOPEDIE_NO3","GYMNOPÉDIE NO.3","48","classical","satie","history"
"GYMONPEDIE_NO2","GYMNOPÉDIE NO.2","48","classical","satie","history"
"GYPSY_WOMAN","GYPSY WOMAN","120","memes|pop/hiphop","crystal waters|slickback|slick back|gipsy woman","history"
"HAGGSTORM","HAGGSTORM","102","video games|minecraft","c418","history"
"HANA_NI_NATTE","HANA NI NATTE","200","anime/jpop|movies/tv","the apothecary diaries","history"
"HAPPIER","HAPPIER","100","pop/hiphop|sad|beautiful|best","marshmello|bastille","history"
"HATSUNE_MIKU_NO_GEKISHOU","HATSUNE MIKU NO GEKISHOU (激唱)","200","anime/jpop|best|epic","hatsune miku|vocaloid|miku|colorful stage|project sekai","history"
"HAZY_MOON","HAZY MOON","120","anime/jpop|beautiful","minato|hatsune miku","history"
"HEART_AFIRE","HEART AFIRE","100","epic|beautiful|best","defqwop","history"
"HEARTACHE","HEARTACHE","160","video games|undertale","","history"
"HEAT_WAVE","HEAT WAVE","81","pop/hiphop","glass animals","history"
"HEATHENS","HEATHENS","90","sad","twenty one pilots|suicide squad","history"
"HELLO","HELLO X I LOVE YOU","105","electronic","omfg","history"
"HELLO_ADELE","HELLO (ADELE)","85","pop/hiphop","adele","history"
"HER_JVKE","HER JVKE","120","","","default"
"HERE_I_COME","HERE I COME","144","video games","doors|roblox|lsplash","history"
"HERE_TO_STAY","HERE TO STAY","120","","","default"
"HERO","HERO (LIMBUS COMPANY)","220","video games|best|new","mili","history"
"HES_A_PIRATE","HES A PIRATE","207","epic|best|movies/tv","hans zimmer|pirates of the caribbean","history"
"HEY_KIDS","HEY KIDS","87","creepy/weirdcore","","history"
"HH","HH","150","memes|peak","kanye west|heil hitler","history"
"HIDE","HIDE","100","beautiful|new","dorian concept|hide dorian concept","history"
"HIGH_HOPES","HIGH HOPES","164","pop/hiphop|epic","panic at the disco|panic!|house of memories","history"
"HIMITSU_KOI_GOKORO","HIMITSU KOI GOKORO","165","anime/jpop|movies/tv","rent a girlfriend|rent-a-girlfriend|honeyworks","history"
"HIS_THEME","HIS THEME","90","video games|undertale","","history"
"HIT_THE_ROAD","HIT THE ROAD, JACK","60","rock","shake","history"
"HOLLOW_KNIGHT_MAIN_THEME","HOLLOW KNIGHT MAIN THEME","55","video games|new","","history"
"HOME","HOME (UNDERTALE)","115","undertale|video games|new","toby fox","history"
"HOMELANDER_MASHUP","HOMELANDER MASHUP","120","","","default"
"HOPE","HOPE","146","pop/hiphop|sad|beautiful|best","xxxtentacion","history"
"HOPES_DREAMS","HOPES AND DREAMS","170","video games|undertale|best|epic|peak","asriel","history"
"HOTLINE_BLING","HOTLINE BLING","100","pop/hiphop","drake","history"
"HOUSE_OF","HOUSE OF MEMORIES","112","pop/hiphop","panic at the disco|panic!|high hopes","history"
"HOWLS_MOVING_CASTLE","MERRY-GO-ROUND OF LIFE","156","anime/jpop|beautiful|movies/tv","howls moving castle|howl's moving castle|merry-go-round|ghibli","history"
"HOWLS_MOVING_CASTLE_2","MERRY-GO-ROUND OF LIFE","130","anime/jpop|beautiful|best|epic|peak|movies/tv","howls moving castle|howl's moving castle|merry-go-round|ghibli","history"
"HUNGARIAN","HUNGARIAN DANCE","130","classical","","history"
"I_BROKE_A_STRING","I BROKE A STRING MAKING THIS PART","120","beautiful|best|epic","","history"
"I_CANT_HANDLE_CHANGE","I CANT HANDLE CHANGE","120","sad|rock","roar","history"
"I_HATE_U_I_LOVE_U","I HATE U I LOVE U","120","","","default"
"I_LIKE_THE_WAY_YOU","I LIKE THE WAY YOU KISS ME","151","pop/hiphop|sad|best|beautiful","artemis","history"
"I_REALLY_WANT_TO_STAY","I REALLY WANT TO STAY AT YOUR HOUSE","128","movies/tv|pop/hiphop|beautiful|electronic","cyberpunk","history"
"I_STILL_LOVE_YOU","I STILL LOVE YOU","120","","","default"
"I_WANT","I WANT IT THAT WAY","122","pop/hiphop|rock","backstreet boys","history"
"I_WANT_YOU_TO_TELL_ME","I WANT YOU TO TELL ME","120","","","default"
"I_WONDER","I WONDER","90","pop/hiphop|beautiful","kanye west|graduation","history"
"ICARUS","ICARUS","100","beautiful","tony ann","history"
"IDEA_1","IDEA 1","160","classical","gibran alcocer","history"
"IDEA_10","IDEA 10","170","beautiful","gibran alcocers","history"
"IDEA_22","IDEA 22","120","classical","gibran alcocer","history"
"IDEA_9","IDEA 9","195","classical","gibran alcocer","history"
"IDGAF","IDGAF","196","sad","boywithuke|blackbear","history"
"IDOL","IDOL","166","anime/jpop|best|movies/tv","oshi no ko|yoasobi","history"
"IDOL_EPIC","IDOL (EPIC VER.)","166","anime/jpop|epic|best|movies/tv","oshi no ko|yoasobi","history"
"IF_I_AM_WITH_YOU","IF I AM WITH YOU","82","anime/jpop|best|beautiful|peak|movies/tv","jjk|jujutsu kaisen|hollow purple|the honored one|gojo satoru|premature death","history"
"ILLUSIONARY_DAYTIME","ILLUSIONARY DAYTIME","120","","","default"
"IM_INVINCIBLE","I'M INVINCIBLE","192","anime/jpop|movies/tv","one piece film red|im invincible","history"
"IM_NOT_THE_ONLY_ONE","IM NOT THE ONLY ONE","80","pop/hiphop|sad","sam smith","history"
"IM_STILL","IM STILL STANDING","177","best|rock|movies/tv","sing|elton john","history"
"IMMORTAL","IMMORTAL","60","pop/hiphop","playboi carti","history"
"IMPOSTER_SYNDROME","IMPOSTER SYNDROME","120","","","default"
"IN_HELL_WE_LIVE","IN HELL WE LIVE, LAMENT","65","video games","mili|limbus company","history"
"IN_THE_NAME","IN THE NAME OF LOVE","134","pop/hiphop|electronic|best|epic|beautiful","","history"
"IN_THE_POOL","IN THE POOL","120","","","default"
"INSANE","INSANE","105","electronic","hazbin hotel","history"
"INSTUPENDO","INSTUPENDO","120","","","default"
"INTERSTELLAR","INTERSTELLAR","104","epic|beautiful|movies/tv","hans zimmer|cinematic|movie|popular","history"
"INVISIBLE","INVISIBLE (EDM)","82","electronic|beautiful|best","ncs|no copyright sounds","history"
"IRIS_OUT","IRIS OUT","120","","","default"
"ISABELLAS_LULLABY","ISABELLA'S LULLABY","112","video games","","history"
"ISOLATION","ISOLATION","100","best|epic|video games|peak","limbo|geometry dash|gd","history"
"IT_MEANS","IT MEANS EVERYTHING","96","video games|omori","","history"
"ITS_BEEN_SO","ITS BEEN SO LONG","96","video games|electronic","the living tombstone|five nights at freddys|fnaf","history"
"ITS_JUST_A_BURNING","ITS JUST A BURNING MEMORY","74","creepy/weirdcore|memes|sad","the care taker|the caretaker","history"
"ITS_RAINING","ITS RAINING TACOS","120","memes","","history"
"ITS_RAINING_SOMEWHERE_ELSE","IT'S RAINING SOMEWHERE ELSE","96","video games|undertale|new","its raining somewhere else|toby fox","history"
"ITS_TV_TIME","IT'S TV TIME!","148","deltarune|video games","toby fox|its tv time","history"
"JE_TE_LAISSERAI_DES_MOTS","JE TE LAISSERAI DES MOTS","120","","","default"
"JEOPARDY_THEME","JEOPARDY THEME","120","","","default"
"JINGLE_BELL_ROCK","JINGLE BELL ROCK","120","","","default"
"JINGLE_BELLS","JINGLE BELLS","120","","","default"
"JOCELYN_FLORES","JOCELYN FLORES","136","sad|beautiful","xxxtentacion","history"
"JUDAS","JUDAS","130","pop/hiphop","lady gaga","history"
"JUMPER","JUMPER","120","","","default"
"JUST_THE_TWO_OF_US","JUST THE TWO OF US","120","","jazz","history"
"KAIKAI_KITAN","KAIKAI KITAN","120","","","default"
"KAMADO_TANJIRO_NO_UTA","KAMADO TANJIRO NO UTA","151","anime/jpop|movies/tv","demon slayer","history"
"KAWAIKUTEGOMEN","KAWAIKUTEGOMEN","160","anime/jpop|best","honeyworks|sorry for being so cute|kawaikutegomen","history"
"KEEP_UP","KEEP UP (ODETARI)","135","pop/hiphop|electronic|new","","history"
"KEROSENE","KEROSENE","116","electronic","popular","history"
"KEY","KEY","70","video games|minecraft|beautiful","c418","history"
"KICK_BACK","KICK BACK","204","movies/tv|anime/jpop","chainsaw man","history"
"KIDS","KIDS","120","","","default"
"KILLSWITCH_LULLABY","KILLSWITCH LULLABY","120","","","default"
"KISS_OF_DEATH","KISS OF DEATH","120","","","default"
"KISS_THE_RAIN","KISS THE RAIN","58","","yiruma","history"
"L","L'S THEME","71","anime/jpop|memes|movies/tv","death note|ls theme","history"
"LA_CAMPANELLA","LA CAMPANELLA","107","classical|best|peak|beautiful","etude|hard|franz liszt","history"
"LACRIMOSA","LACRIMOSA (REQUIEM MVT.8)","64","classical|memes","mozart|noot noot","history"
"LALALA","LALALA","130","pop/hiphop","bbno","history"
"LAMOUR_TOUJOURS","L'AMOUR TOUJOURS","160","sad|memes","gigi d'agostino|gigi dagostino","history"
"LAST_CHRISTMAS","LAST CHRISTMAS","120","pop/hiphop|best|new","wham","history"
"LAST_GOODBYE","LAST GOODBYE","180","undertale|video games|best|epic|peak|new","toby fox","history"
"LAVENDER_TOWN","LAVENDER TOWN","120","video games|memes|creepy/weirdcore","pokemon","history"
"LE_MONDE","LE MONDE","100","best","","history"
"LEAVE_THE_DOOR_OPEN","LEAVE THE DOOR OPEN","120","","","default"
"LENAI","REN'AI (レンアイ)","131","anime/jpop|movies/tv","rent a girlfriend|rent-a-girlfriend|lenai|renai","history"
"LET_GO","LET GO","120","","","default"
"LET_HER_GO","LET HER GO","120","memes|pop/hiphop","passenger","history"
"LET_IT_GO","LET IT GO","74","movies/tv|memes|best","elsa|frozen|disney","history"
"LET_IT_GO_X_LET_HER_GO","LET IT GO X LET HER GO","120","","frozen","history"
"LET_IT_HAPPEN","LET IT HAPPEN","120","rock|beautiful","tame impala","history"
"LET_ME_DOWN_SLOWLY","LET ME DOWN SLOWLY","75","sad","alec benjamin","history"
"LET_ME_LOVE","LET ME LOVE YOU","100","pop/hiphop|best|beautiful","justin bieber|dj snake","history"
"LET_YOU_BREAK_MY_HEART_AGAIN","LET YOU BREAK MY HEART AGAIN","73","sad","laufey","history"
"LEVAN_POLKKA","LEVAN POLKKA","135","memes","hatsune miku|vocaloid|le van","history"
"LEVELS","LEVELS","122","electronic|levels|best","avicii","history"
"LIEBESTRAUM_NO3","LIEBESTRAUM NO.3","152","classical","franz liszt","history"
"LIFE_WILL_CHANGE","LIFE WILL CHANGE","120","","","default"
"LIGHT_SWITCH","LIGHT SWITCH","184","pop/hiphop","charlie puth","history"
"LIGHTS","LIGHT'S THEME","132","anime/jpop","death note|lights theme","history"
"LIKE_HIM","LIKE HIM","94","pop/hiphop|beautiful|best","tyler the creator|chromakopia","history"
"LIKE_HIM_BEST","LIKE HIM (BEST PART)","94","beautiful|best|peak|pop/hiphop|epic","chromakopia|tyler the creator","history"
"LIVING_MICE","LIVING MICE","74","video games|minecraft","c418","history"
"LOST_LIBRARY","LOST LIBRARY","62","video games|omori","omori","history"
"LOST_UMB","LOST UMBRELLA","133","electronic|anime/jpop","cute depressed|vocaloid|inabakumori","history"
"LOVE","LOVE (W2E)","68","sad","wave to earth|love.","history"
"LOVE_STORY","LOVE STORY","180","","indila","history"
"LOVELY","LOVELY","115","pop/hiphop","billie eilish|khalid","history"
"LOVELY_B","LOVELY BASTARDS","150","memes|best","phonk","history"
"LOVER_IS_A_DAY","LOVER IS A DAY","90","","cuco","history"
"LUTHER","LUTHER","128","pop/hiphop","kendrick lamar|sza|GNX","history"
"LUX_AETERNA","LUX AETERNA (REQUIEM FOR A DREAM)","70","movies/tv","clint mansell","history"
"MA_MEILLEUR","MA MEILLEUR ENEMIE","178","movies/tv","stromae|arcane","history"
"MAGICAL_CURE","M@GICAL CURE! LOVE SHOT!","120","anime/jpop","miku|vocaloid|hatsune miku|magical cure","history"
"MANGOMANGOMANGO","MANGO MANGO MANGO","110","peak","","history"
"MARI_BOSS","MARI BOSS FIGHT","169","video games|omori","omori","history"
"MARRIED","MARRIED LIFE","83","sad|movies/tv","movie|up","history"
"MARY_ON","MARY ON A CROSS","130","rock","","history"
"MASTER_OF_PUPPETS","MASTER OF PUPPETS","220","rock","metallica","history"
"MEANINGFUL_LOVE","MEANINGFUL LOVE","120","","","default"
"MEGALOVANIA","MEGALOVANIA","120","video games|undertale|memes","popular","history"
"MERRY_CHRISTMAS_MR_LAWRENCE","MERRY CHRISTMAS MR LAWRENCE","120","","","default"
"METAMORPH","METAMORPHOSIS","180","electronic","phonk","history"
"MICE_ON","MICE ON VENUS","56","video games|minecraft|sad","c418","history"
"MICHAEL_MYERS","MICHAEL MYERS","144","memes|creepy/weirdcore","halloween","history"
"MIDDLE_OF_THE_NIGHT","MIDDLE OF THE NIGHT","93","pop/hiphop|epic|beautiful|best","elley duhe","history"
"MII","MII CHANNEL THEME","114","video games|memes","wii","history"
"MIKU","MIKU","135","anime/jpop","vocaloid","history"
"MINECRAFT","MINECRAFT","106","video games|minecraft","c418","history"
"MINGLE","MINGLE (ROUND AND ROUND)","105","creepy/weirdcore|movies/tv","squid game","history"
"MONODY","MONODY","107","electronic|epic|best","ncs|no copyright sounds|thefatrat","history"
"MONTAGEM_CORAL","MONTAGEM CORAL","130","electronic","phonk|funk","history"
"MONTAGEM_HIKARI","MONTAGEM HIKARI","120","","","default"
"MONTAGEM_TOMADA","MONTAGEM TOMADA","120","electronic","phonk","history"
"MONTAGEM_XONADA","MONTAGEM XONADA","130","electronic","MXZI|phonk|funk","history"
"MOOD","MOOD","91","pop/hiphop|best","24kgoldn","history"
"MOOG_CITY","MOOG CITY","116","video games|minecraft|beautiful|best","c418","history"
"MOONLIGHT","MOONLIGHT SONATA - FIRST MOVEMENT","51","classical","ludwig van beethoven","history"
"MORNING_MOOD","PEER GYNT OP.46 NO.1 (MORNING MOOD)","72","classical|memes|video games","grow a garden","history"
"MRS_MAGIC","MRS MAGIC","120","new","strawberry guy","history"
"MULTO","MULTO","104","pop/hiphop|best|new","ghost|cup of joe","history"
"MY_CASTLE_TOWN","MY CASTLE TOWN","136","video games|deltarune","toby fox","history"
"MY_CONFESSION","MY CONFESSION","120","","","default"
"MY_EYES","MY EYES","120","pop/hiphop|beautiful|best","travis scott|utopia","history"
"MY_FEELINGS","MY FEELINGS","120","","","default"
"MY_HEART_WILL_GO_ON","MY HEART WILL GO ON","90","sad|movies/tv|beautiful|best","titanic|celine dion","history"
"MY_KIND_OF_WOMAN","MY KIND OF WOMAN","90","","mac demarco","history"
"MY_LOVE_ALL_MINE","MY LOVE MINE ALL MINE","57","sad|best","mitski","history"
"MY_ORDINARY_LIFE","MY ORDINARY LIFE","130","electronic","the living tombstone","history"
"MY_WAR","MY WAR","140","movies/tv|anime/jpop","boku no sensou|attack on titan","history"
"MY_WAY","MY WAY","80","","frank sinatra","history"
"NERVES","NERVES (FNF VS GARCELLO)","100","video games|new","friday night funkin","history"
"NEVADA","NEVADA","120","","","default"
"NEVER_BE_ALONE","NEVER BE ALONE","105","video games","fnaf|five nights at freddy's|shadrow","history"
"NEVER_MEANT","NEVER MEANT TO BELONG","66","anime/jpop|movies/tv","bleach","history"
"NEVER_SEE_ME_AGAIN","NEVER SEE ME AGAIN","178","pop/hiphop|best|new","kanye west","history"
"NEW_COMPUTERS","ALL ROADS LEAD TO ROME","120","memes|best|new","girlfriends|new computers","history"
"NEW_HOME","NEW HOME","100","new","","history"
"NIGHT_DANCER","NIGHT DANCER","118","pop/hiphop|best","imase","history"
"NO_BATIDAO","NO BATIDAO","120","","","default"
"NO_SURPRISES","NO SURPRISES","80","rock|sad","radiohead","history"
"NOCTURNE","NOCTURNE OP.9 NO.2","62","classical|best","frederic chopin","history"
"NOPE_YOUR_TOO_LATE","NOPE YOUR TOO LATE I ALREADY DIED","118","rock|sad","wifiskeleton","history"
"NOT_A_SLACKER","NOT A SLACKER ANYMORE","145","video games|undertale","","history"
"NOT_LIKE_US","NOT LIKE US","101","pop/hiphop|memes","kendrick lamar|drake","history"
"NOTHING_ELSE_MATTERS","NOTHING ELSE MATTERS","75","rock|sad","metallica","history"
"NOTION","NOTION","160","rock|sad","the rare occasions","history"
"NUKE_POWDER","NUKE POWDER","120","","","default"
"NUMBERS","NUMBERS","100","creepy/weirdcore","temporex","history"
"NYAN_CAT","NYAN CAT","140","memes|best","","history"
"NYEH","NYEH HEH HEH!","150","video games|undertale|best","papyrus","history"
"OBLIVION","OBLIVION (GRIMES)","156","rock|beautiful","grimes","history"
"OHAYOU_SAYORI","OHAYOU SAYORI","120","","","default"
"OKAY_EVERYONE","OKAY EVERYONE","120","","","default"
"OLD_DOLL","OLD DOLL","100","creepy/weirdcore","mad father","history"
"OLD_TOWN_ROAD","OLD TOWN ROAD","69","pop/hiphop|memes","lil nas x","history"
"ON_MY_WAY","ON MY WAY","85","electronic","alan walker|ncs|no copyright sounds","history"
"ONCE_UPON","ONCE UPON A TIME","65","video games|undertale","","history"
"ONCE_UPON_A_DECEMBER","ONCE UPON A DECEMBER","120","","","default"
"ONE_DANCE","ONE DANCE","108","pop/hiphop","drake|wizkid|kyla","history"
"ONE_OF_THE_GIRLS","ONE OF THE GIRLS","88","pop/hiphop|movies/tv|new","idol|the weeknd","history"
"ONE_SUMMERS_DAY","ONE SUMMER'S DAY","78","beautiful|movies/tv|anime/jpop","spirited away|studio ghibli|joe hisaishi|one summers day","history"
"ORDER","ORDER (ULTRAKILL)","170","video games|best","minos prime bossfight","history"
"ORDINARY","ORDINARY","168","pop/hiphop|sad|beautiful|best","alex warren","history"
"OVERTAKEN","OVERTAKEN","105","anime/jpop|movies/tv","one piece","history"
"PARADISE","PARADISE","125","pop/hiphop","coldplay","history"
"PASILYO","PASILYO","125","new","sunkissed lola","history"
"PASSACAGLIA","PASSACAGLIA, SUITE NO.7","130","classical|beautiful|best","","history"
"PASSO_BEM_SOLTO","PASSO BEM SOLTO","120","electronic","phonk","history"
"PAST_LIVES","PAST LIVES","110","sad|beautiful","","history"
"PATHETIQUE","SONATE OP.13 NO.8 (PATHÉTIQUE)","31","classical","ludwig van beethoven|sonata pathetique","history"
"PAYPHONE","PAYPHONE","110","pop/hiphop|sad|best|beautiful","maroon 5","history"
"PEACHES","PEACHES","92","video games|movies/tv","jack black|bowser|super mario bros","history"
"PIANO_MAN","PIANO MAN","80","","billy joel","history"
"PIXEL_PEEKER_POLKA","PIXEL PEEKER POLKA (DON'T TOUCH MY PIZZA)","145","memes","kevin macleod|dont touch my pizza","history"
"PLANT_VS_ZOMBIES","PLANT VS ZOMBIES","100","video games|memes","pvz","history"
"PLAY_WITH_ME","PLAY WITH ME","120","","","default"
"PLEAD","PLEAD (FORSAKEN)","120","video games|electronic","roblox forsaken|last man standing|c00lkidd|key after key|007n7","history"
"POEM_PANIC","POEM PANIC","120","","","default"
"POKEMON","POKEMON MAIN THEME","160","video games|anime/jpop|movies/tv","","history"
"POKEMON_RED","POKEMON RED AND BLUE","180","video games|anime/jpop|movies/tv","","history"
"POLARGEIST","POLARGEIST","120","","","default"
"POLONAISE","POLONAISE IN F SHARP MINOR OP.44","100","classical","frederic chopin","history"
"POSTER_BOY","POSTER BOY","120","","","default"
"PRAYER","PRAYER","147","beautiful|pop/hiphop","kendrick lamar|damn","history"
"PRELUDE_NO2","BACH - PRELUDE NO.2","145","classical","johann sebastian bach","history"
"PRELUDE_OP28","CHOPIN - PRELUDE OP.28 NO.4","42","classical","frederic chopin","history"
"PROPOSE","PROPOSE","120","","","default"
"RACING_INTO","RACING INTO THE NIGHT","129","anime/jpop|best|beautiful","yoasobi","history"
"RAIN","RAIN","77","beautiful|best|epic","tony ann","history"
"RANSOM","RANSOM","180","pop/hiphop","lil tecca","history"
"RAT_DANCE","RAT DANCE","120","memes","chess","history"
"READY_OR_NOT","READY OR NOT (FORSAKEN)","160","video games|electronic","c00lkidd chase|roblox forsaken|key after key","history"
"REFLECTIONS","REFLECTIONS","104","anime/jpop|best","toshifumi hinata","history"
"RENAI_CIRCULATION","RENAI CIRCULATION","120","anime/jpop|memes|peak|best","bakemonogatari","history"
"RESONANCE","RESONANCE","70","beautiful|best","home","history"
"REVENGE","REVENGE (CREEPER)","120","video games|video games|memes|best","creeper awww|tryhardninja|captainsparklez","history"
"REVOLUTIONARY","ETUDE OP.10 NO.12 (REVOLUTIONARY)","140","classical|best","frederic chopin","history"
"RIGHTEOUS","RIGHTEOUS (MO BEATS)","160","electronic","","history"
"RIPTIDE","RIPTIDE","90","pop/hiphop","vance joy","history"
"RISE_UP","RISE UP","82","electronic|epic","thefatrat|ncs|no copyright sounds","history"
"RISES_THE","RISES THE MOON","127","sad|beautiful","liana flores","history"
"RIVER_FLOWS_IN_YOU","RIVER FLOWS IN YOU","137","sad","","history"
"ROBBERY","ROBBERY","80","pop/hiphop|sad|new","juice wrld","history"
"ROI","ROI (VIDEOCLUB)","110","pop/hiphop|best|new","","history"
"RUDE_BUSTER","RUDE BUSTER","140","deltarune|video games|best","toby fox","history"
"RUDER_BUSTER","RUDER BUSTER","130","video games|deltarune","toby fox","history"
"RUE_DES_TROIS_FRERES","RUE DES TROIS FRERES","120","classical","","history"
"RUINS","RUINS","138","video games|undertale","","history"
"RUNAWAY","RUNAWAY","160","pop/hiphop","kanye|popular|rap|hip","history"
"RUNAWAY_AURORA","RUNAWAY (AURORA)","90","sad|beautiful|best","","history"
"RUNNING_IN_THE_90S","RUNNING IN THE 90S","160","electronic|memes|best","max coveri","history"
"RUNNING_UP","RUNNING UP THAT HILL","108","sad|pop/hiphop|movies/tv","stranger things","history"
"RUSH_C","RUSH C","60","","sheet music boss","history"
"RUSH_E","RUSH E","80","memes","sheet music boss","history"
"RUSH_F","RUSH F","60","","sheet music boss","history"
"RUSH_G","RUSH G","60","","sheet music boss","history"
"RUSH_OF_LIFE","RUSH OF LIFE","122","beautiful|epic|best|peak","tony ann","history"
"SAD_XXX","SAD XXX","120","","","default"
"SADNESS_AND_SORROW","SADNESS AND SORROW","75","anime/jpop|movies/tv","naruto shippuden","history"
"SAILOR_SONG","SAILOR SONG","83","sad","gianna perez","history"
"SAITAMAS_THEME","SAITAMAS THEME","120","","","default"
"SANS","SANS.","120","video games|undertale|memes","undertale","history"
"SANTA_CLAUS_IS_COMING","SANTA CLAUS IS COMING","120","","","default"
"SAVE_YOUR","SAVE YOUR TEARS","120","pop/hiphop|sad","weeknd","history"
"SCARLET_FOREST","SCARLET FOREST","122","video games|deltarune","toby fox","history"
"SEE_YOU_AGAIN","SEE YOU AGAIN (TYLER THE CREATOR)","70","pop/hiphop|sad|beautiful","tyler the creator|kali urchis|tyler, the creator|flower boy","history"
"SEE_YOU_AGAIN_CHARLIE","SEE YOU AGAIN (CHARLIE PUTH)","60","pop/hiphop|sad|beautiful","charlie puth|wiz khalifa","history"
"SERENADE","SCHUBERT - SERENADE","58","classical","franz liszt","history"
"SHAPE_OF","SHAPE OF YOU","190","pop/hiphop","ed sheeran","history"
"SHIAWASE","SHIAWASE (VIP)","150","electronic|epic|beautiful|best","tidal wave|geometry dash|gd","history"
"SHIKAIRO","SHIKAIRO DAYS","182","anime/jpop|memes|best|movies/tv","my dear friend nokotan|my deer friend nokotan","history"
"SHINZOU_WO_SASEGEYO","SHINZOU WO SASEGEYO!","80","anime/jpop|movies/tv","attack on titan|dedicate your heart","history"
"SHOP","SHOP","77","video games|undertale","","history"
"SICK_OF_U","SICK OF U","185","sad","boywithuke","history"
"SILHOUETTE","SILHOUETTE","185","anime/jpop|movies/tv","naruto shippuden","history"
"SILLY_BILLY","SILLY BILLY (FNF)","173","video games|new","friday night funkin","history"
"SINKING_TOWN","SINKING TOWN","120","","","default"
"SKELETAL_SHENANIGANS","SKELETAL SHENANIGANS","158","video games|electronic","geometry dash|gd","history"
"SKYFALL","SKYFALL","70","epic|best","adele","history"
"SLAY","SLAY","120","electronic","eternxlz|phonk","history"
"SLOW_DANCING_IN","SLOW DANCING IN THE DARK","89","sad|pop/hiphop|new","joji","history"
"SNOWFALL","SNOWFALL","96","beautiful|sad|best","oneheart","history"
"SNOWMAN","SNOWMAN","105","pop/hiphop","christmas|sia","history"
"SNOWY","SNOWY","120","video games|undertale","","history"
"SOLAS","SOLAS","120","beautiful","sad","history"
"SOMEBODY_THAT_I_USED","SOMEBODY THAT I USED TO KNOW","120","pop/hiphop|sad","gotye","history"
"SOMETHING_JUST","SOMETHING JUST LIKE THIS","103","pop/hiphop|sad|best|beautiful","the chainsmokers","history"
"SONG_THAT_MIGHT","SONG THAT MIGHT PLAY WHEN YOU FIGHT SANS","120","video games|undertale","undertale","history"
"SOVIET_UNION_ANTHEM","SOVIET UNION ANTHEM","80","memes","","history"
"SPACE_SONG","SPACE SONG","75","sad|pop/hiphop|beautiful|epic|best","beach house","history"
"SPARKLE","SPARKLE","192","anime/jpop|best|beautiful|movies/tv","radwimps|your name|kimi no na wa","history"
"SPAWN","SPAWN","140","deltarune|video games","toby fox","history"
"SPEAR_OF","SPEAR OF JUSTICE","130","video games|undertale|best","","history"
"SPECIALZ","SPECIALZ","117","movies/tv|anime/jpop","jujutsu kaisen|jjk","history"
"SPECTRE","SPECTRE","128","electronic|memes|beautiful|best","alan walker|ncs|no copyright sounds|smurf cat","history"
"SPEED_OF","AT THE SPEED OF LIGHT","162","video games|electronic|epic|best|peak","geometry dash|gd","history"
"SPIDER_DANCE","SPIDER DANCE","115","video games|undertale","muffet|toby fox","history"
"SPOOKY_SCARY_SKELETONS","SPOOKY SCARY SKELETONS","225","creepy/weirdcore|best","halloween","history"
"SPRING","THE 4 SEASONS - SPRING","100","classical|video games|memes|best","the 4 seasons|vivaldi|the four seasons","history"
"STAY","STAY","85","pop/hiphop","justin bieber|kid laroi","history"
"STAYIN_ALIVE","STAYIN' ALIVE","103","pop/hiphop|rock|movies/tv","the bee gees|the bee gess","history"
"STEREO_HEARTS","STEREO HEARTS","96","pop/hiphop|best","gym class heroes|adam levine","history"
"STEREO_LOVE","STEREO LOVE","120","","","default"
"STEREO_MADNESS","STEREO MADNESS","160","video games|electronic","geometry dash|gd","history"
"STILL_DRE","STILL D.R.E.","92","pop/hiphop|best","snoop dogg","history"
"STRANGER_THINGS","STRANGER THINGS","80","movies/tv","","history"
"STRANGERS","STRANGERS","170","pop/hiphop|sad|best|beautiful","kenya grace","history"
"STRESSED_OUT","STRESSED OUT","170","pop/hiphop|best","twenty one pilots|21 pilots|heathens","history"
"SUBWOOFER","SUBWOOFER LULLABY","76","video games|minecraft","c418","history"
"SUCCESSION_THEME","SUCCESSION THEME","120","","","default"
"SUGAR_PLUM","DANCE OF THE SUGAR PLUM FAIRY","70","classical","christmas|hard","history"
"SUMMER","THE 4 SEASONS - SUMMER","150","classical|epic|best|beautiful|peak","the 4 seasons|vivaldi|the four seasons","history"
"SUNFLOWER","SUNFLOWER","90","pop/hiphop|beautiful|best|movies/tv","spider man|post malone","history"
"SUPER_IDOL","SUPER IDOL","136","memes","","history"
"SUPER_MARIOS","SUPER MARIO BROS","180","video games|memes","","history"
"SUPER_SHY","SUPER SHY","120","","","default"
"SUPER_SMASH_BROS","SUPER SMASH BROS. ULTIMATE","145","video games|new","super smash bros","history"
"SURVIVE","I WILL SURVIVE","80","pop/hiphop|best","","history"
"SUZUME","SUZUME","78","anime/jpop|best|beautiful|movies/tv","radwimps","history"
"SWAN_LAKE","SWAN LAKE","100","classical","tchaikovsky","history"
"SWEATER_WEATHER","SWEATER WEATHER","124","sad","the neighbourhood|love|popular","history"
"SWEDEN","SWEDEN","44","video games|minecraft","c418","history"
"SWEET_DREAMS","SWEET DREAMS","125","pop/hiphop|best|new","sweet dreams are made of this","history"
"SWEETLY","SWEETLY","120","","","default"
"SWIMMING","SWIMMING","165","beautiful|best","flawed mangoes|dramamime","history"
"SYMPHONY_NO5","SYMPHONY NO.5","120","classical","ludwig van beethoven|5th symphony|fifth symphony","history"
"TAKE_FIVE","TAKE FIVE","166","","dave brubeck|jazz","history"
"TAKE_ME_BACK_HOME","TAKE ME BACK HOME","120","","","default"
"TAKE_ON_ME","TAKE ON ME","169","pop/hiphop","a-ha","history"
"TEK_IT","TEK IT","147","","cafune","history"
"TEST_DRIVE","TEST DRIVE","120","epic|movies/tv","how to train your dragon|john powell","history"
"TETORIS","TETORIS","120","","","default"
"THANG_DIEN","THANG DIEN","120","","","default"
"THATS_WHAT_I_WANT","THATS WHAT I WANT","85","pop/hiphop","lil nas x","history"
"THE_ABYSS","THE ABYSS","120","","","default"
"THE_AMAZING_DIGITAL","THE AMAZING DIGITAL CIRCUS","110","best|movies/tv","pomni","history"
"THE_BEGINNING","THE BEGINNING","150","beautiful","flawed mangoes","history"
"THE_BEN","THE BENONI","180","classical|epic|best","","history"
"THE_BLUE_DANUBE","THE BLUE DANUBE","120","classical","squid game","history"
"THE_ECSTASY_OF_GOLD","THE ECSTASY OF GOLD","85","movies/tv|epic|beautiful","the good, the bad and the ugly|the good the bad and the ugly","history"
"THE_ENTERTAINER","THE ENTERTAINER","60","memes|best","","history"
"THE_GREAT_FAIRY","THE GREAT FAIRY FOUNTAIN","80","video games","zelda|the legend of zelda","history"
"THE_LEGEND","THE LEGEND","110","video games|deltarune","toby fox","history"
"THE_NIGHTS","THE NIGHTS","128","pop/hiphop|electronic|epic","avicii","history"
"THE_REAL_SLIM_SHADY","THE REAL SLIM SHADY","105","pop/hiphop|new","eminem","history"
"THE_SEARCH","THE SEARCH","120","pop/hiphop|epic|beautiful|best","nf","history"
"THE_SLAUGHTER_CONT","THE SLAUGHTER CONTINUES","150","video games|undertale","undertale last breath|last breath","history"
"THE_WINNER_TAKES_IT_ALL","THE WINNER TAKES IT ALL","120","","","default"
"THE_WORLD","THE WORLD","96","anime/jpop|rock|movies/tv","death note","history"
"THE_WORLD_REVOLVING","THE WORLD REVOLVING","190","deltarune|video games|best","toby fox","history"
"THE_X_FILES","THE X FILES","120","","","default"
"THEORY_OF_EVERYTHING","THEORY OF EVERYTHING","120","","","default"
"THICK_OF_IT","THICK OF IT","146","memes","nigga|ksi|shit|popular","history"
"THIS_IS_HALLOWEEN","THIS IS HALLOWEEN","160","creepy/weirdcore","","history"
"THIS_IS_HOME","THIS IS HOME","120","","","default"
"THIS_IS_WHAT_FALLING_IN_LOVE","THIS IS WHAT FALLING IN LOVE FEELS LIKE","80","beautiful|pop/hiphop","jvke","history"
"THIS_IS_WHAT_HEARTBREAK","THIS IS WHAT HEARTBREAK FEELS LIKE","50","sad|pop/hiphop","jvke|golden hour","history"
"THIS_IS_WHAT_SPACE","THIS IS WHAT SPACE FEELS LIKE","130","beautiful|pop/hiphop|new","jvke","history"
"THIS_IS_WHAT_WINTER","THIS IS WHAT WINTER FEELS LIKE","115","beautiful|pop/hiphop|best","jvke|golden hour","history"
"THROUGH_PATCHES_OF_VIOLET","THROUGH PATCHES OF VIOLET","120","","","default"
"THUNDERSTRUCK","THUNDERSTRUCK","120","","","default"
"TICKING","TICKING","77","epic|best|beautiful","","history"
"TIME","TIME","60","movies/tv|beautiful|epic|new","hans zimmer|inception","history"
"TIME_BACK","TIME BACK","120","movies/tv","","history"
"TIME_FLOWS_EVER_ONWARD","TIME FLOWS EVER ONWARD","100","movies/tv|anime/jpop","frieren|sousou no frieren|frieren: beyond journey's end|frieren beyond journeys end","history"
"TIMELESS","TIMELESS","120","pop/hiphop","the weeknd|the weekend|playboi carti","history"
"TOOK_HER_TO_THE_O","TOOK HER TO THE O","120","","","default"
"TORRENT","ETUDE OP.10 NO.4 (TORRENT)","190","classical|epic|best|peak","frederic chopin","history"
"TOXIC","TOXIC (BOYWITHUKE)","180","sad|pop/hiphop","","history"
"TRANSCEDENTAL_ETUDE_4","TRANSCEDENTAL ETUDE 4","120","","","default"
"TRAP_R","TRAP ROYALTY","151","memes|epic|best|beautiful","fetty wap","history"
"TREACHERY","TREACHERY","120","","","default"
"TURKISH","TURKISH MARCH","92","classical","mozart|rondo alla turca","history"
"UNDERSTAND","UNDERSTAND","206","sad","boywithuke","history"
"UNDERTALE","UNDERTALE","100","video games|undertale|best|epic","","history"
"UNDERWATER","UNDERWATER PROM QUEENS","160","video games|omori","omori","history"
"UNITY","UNITY","110","electronic|best","thefatrat|ncs|no copyright sounds","history"
"UNRAVEL","UNRAVEL","135","anime/jpop|beautiful|movies/tv","tokyo ghoul","history"
"UNRAVEL_EPIC","UNRAVEL (ANIMENZ ARR.)","132","epic|best|beautiful|peak|movies/tv","tokyo ghoul|animenz|unravel epic","history"
"UNSTOPPABLE","UNSTOPPABLE","85","pop/hiphop|best","sia","history"
"UNTIL_I_FOUND_YOU","UNTIL I FOUND YOU","101","pop/hiphop|sad|beautiful|best","stephen sanchez","history"
"UNTITLED","UNTITLED","25","video games|memes|sad|creepy/weirdcore","oobja main theme|cooked","history"
"UWA_SO_TEMPERATE","UWA!! SO TEMPERATE♫","130","undertale|video games","toby fox","history"
"VAMPIRE","VAMPIRE","135","pop/hiphop|sad|best","olivia rodrigo","history"
"VAN_GOGH","VAN GOGH","110","classical|beautiful|new","","history"
"VICTORY","VICTORY","120","","","default"
"VICTORY_BEST_PART","VICTORY BEST PART","120","","","default"
"VIENNA","VIENNA","120","","billy joel","history"
"VIVA_LA_VIDA","VIVA LA VIDA","138","epic|beautiful|best|peak","coldplay","history"
"VOILA","VOILA","120","","","default"
"WAITING_FOR","WAITING FOR LOVE","129","pop/hiphop|electronic|best|epic","avicii","history"
"WAKE_ME","WAKE ME UP","110","pop/hiphop|electronic","avicii","history"
"WALTZ_IN_C_MINOR","CHOPIN - WALTZ OP.64 NO.2","120","classical","frederic chopin","history"
"WASHING","WASHING MACHINE HEART","114","sad|beautiful|best","mitski","history"
"WATERFALL","WATERFALL","70","video games|undertale","toby fox","history"
"WE_ARE","ONE PIECE - WE ARE!","168","anime/jpop|movies/tv","","history"
"WE_ARE_NUMBER_ON","WE ARE NUMBER ONE","168","memes|new","","history"
"WE_DONT","WE DONT TALK ABOUT BRUNO","103","","encanto","history"
"WE_NOT_LIKE_U","WE NOT LIKE YOU","155","pop/hiphop|memes|new","nettspend","history"
"WE_WERE_ANGELS","WE WERE ANGELS","148","anime/jpop|movies/tv","dragon ball z","history"
"WE_WISH_YOU_A_MERRY","WE WISH YOU A MERRY","120","","","default"
"WEDDING_MARCH","WEDDING MARCH","115","memes|beautiful|classical","wedding","history"
"WET_HANDS","WET HANDS","74","video games|minecraft|beautiful","c418","history"
"WHAT_IS_LOVE","WHAT IS LOVE","120","pop/hiphop|electronic","haddaway","history"
"WHAT_THE_FUCKK","MOONLIGHT SONATA - THIRD MOVEMENT","163","classical|best|peak","ludwig van beethoven","history"
"WHAT_WAS_I_MADE_FOR","WHAT WAS I MADE FOR","80","movies/tv|pop/hiphop","billie eilish","history"
"WHEN_I_MET_YOU","WHEN I MET YOU","70","","apo hiking society","history"
"WHERE_OUR_BLUE_IS","WHERE OUR BLUE IS","152","anime/jpop|movies/tv","tatsuya kitani|jjk|jujutsu kaisen","history"
"WHERE_WE","WHERE WE PLAYED","96","video games|omori","omori","history"
"WHY_DID_I_SAY","WHY DID I SAY OKIE-DOKIE","113","","doki doki literature club|ddlc","history"
"WIEGE","WIEGE","75","movies/tv","alien stage","history"
"WII_SPORTS_TITLE","WII SPORTS TITLE THEME","115","video games|memes|epic","wii sports|nintendo","history"
"WINTER","THE 4 SEASONS - WINTER","136","classical|best|beautiful|epic|peak","the 4 seasons|vivaldi|the four seasons","history"
"WINTER_WIND","ETUDE OP.25 NO.11 (WINTER WIND)","125","classical","frederic chopin","history"
"WORLDS_END","WORLDS END VALENTINE","152","video games|omori|best","omori","history"
"XO_TOUR","XO TOUR LLIF3","142","pop/hiphop|sad","lil uzi vert","history"
"XSTEP","XSTEP","120","","","default"
"YLANG_YLANG","YLANG YLANG","71","sad|beautiful|memes|best|new","","history"
"YOUNG_GIRL_A","YOUNG GIRL A","130","anime/jpop|sad|beautiful|best","siinamota|vocaloid","history"
"YOUNG_GIRL_A_2","YOUNG GIRL A","130","anime/jpop|sad|epic|best|beautiful|peak","siinamota|vocaloid","history"
"YOUR_GAZE","YOUR GAZE, CREPUSCULAR","144","anime/jpop|movies/tv|beautiful|best","the fragrant flower blooms with dignity|Manazashi wa Hikari","history"
"YOUR_LOVE_IS_MY_DRUG","YOUR LOVE IS MY DRUG","120","","","default"
"YOUR_POWER","YOUR POWER","130","pop/hiphop|new","billie eilish","history"
"YOUR_REALITY","YOUR REALITY","105","video games|beautiful|best","ddlc|doki","history"
"YUUSHA","YUUSHA/THE BRAVE (勇者)","208","anime/jpop","yoasobi|frieren|sousou no frieren|frieren: beyond journey's end|frieren beyond journeys end","history"
"ZOMBIE","ZOMBIE","164","rock","the cranberries","history"
